DROP TABLE IF EXISTS PESSOA CASCADE;

CREATE TABLE PESSOA
    (
        nome				VARCHAR(15)			NOT NULL,
        sobrenome			VARCHAR(30)			NOT NULL,
        cpf 				CHAR(11) 			 NOT NULL,           
        sexo 				CHAR(1),
        data_nasc 			DATE,
        PRIMARY KEY (cpf)
     );
	 
 INSERT INTO PESSOA
 VALUES
('Lucy', 'Fragança Moraes Braga', '54336536042', 'F', '1997-02-27'),
('Sophia', 'Alves Barros', '87857335630', 'F', '1979-11-10'),
('Jorge', 'Lima Mendes', '07685965176', 'M', '1983-12-13'),
('Gerson', 'Brito Lopes', '04631645806', 'M', '1996-10-05'),
('Mateus', 'Araújo Filho', '89581480048', 'M', '1998-04-28'),
('Maria', 'Neves Fonseca', '69771685287', 'F', '1985-07-09'),
('Augusto', 'Faria Ramos', '43345104180', 'M', '1981-02-26'),
('Júlia', 'Alves Barros', '10720123240', 'F', '1982-01-03'),
('Arthur', 'Marques Sobrinho', '67263928426', 'M', '2000-06-13'),
('Henrique', 'Torres Carvalho', '43444624085', 'M', '1997-04-23'),
('Fernando', 'Barros Pereira Júnior', '38621453444', 'M', '1978-02-08'),
('Gilberto', 'Fernandes Souza', '45729967500', 'M', '1981-12-04'),
('Vinícius', 'Fernandes Souza', '26788119309', 'M', '2002-05-12'),
('Israel', 'Viana da Silva', '10715183052', 'M', '2000-08-19'),
('Bárbara', 'Maria Galdino', '61456856707', 'F', '2001-01-28'),
('Felipe', 'Neves de Souza', '16676397309', 'M', '1999-09-15'),
('Janaína', 'Martins Figueiredo', '76565827540', 'F', '1992-04-29'),
('Leonardo', 'Carvalho Lobo', '14553622394', 'M', '1987-11-30'),
('Bruno', 'Viana da Silva', '85648321783', 'M', '1980-12-21'),
('Astolfo', 'Carvalho Lobo', '22223697623', 'M', '1977-05-27'),
('Heloísa', 'Gomes Ferreira', '70227797329', 'F', '1995-01-20'),
('Liliane', 'Caetano Leite', '66582968980', 'F', '1999-03-09'),
('Marcos', 'Caetano Leite', '42776414404', 'M', '1978-11-24'),
('Marília', 'Brito Lopes', '58152251003', 'F', '1994-12-27'),
('Estela', 'Martins Cavalcante', '09155741363', 'F', '1998-01-21'),
('Renato', 'Martins Cavalcante', '61857754840', 'M', '1980-07-02'),
('Félix', 'Mendes de Melo', '36047963005', 'M', '1983-05-05'),
('Douglas', 'Lima Carvalho', '37129978686', 'M', '1972-06-23'),
('Breno', 'Azevedo Lima', '23802096138', 'M', '1978-03-12'),
('Mariana', 'Sousa Lima', '38228722966', 'F', '1980-12-10'),
('Luan', 'Barbosa Cunha', '63063552941', 'M', '1984-09-13'),
('Emily', 'Souza Melo', '41027634907', 'F', '1994-05-28'),
('Martim', 'Martins Ferreira', '28958565403', 'M', '1988-02-22'),
('Gabrielly', 'Fernandes Costa', '84472922401', 'F', '1992-11-05'),
('Marisa', 'Pereira Cavalcante', '43882096438', 'F', '1978-03-12'),
('Mariana', 'Sousa Lima', '66433122647', 'F', '1998-07-05'),
('Felipe', 'Rocha Pinto', '51958525618', 'M', '1979-04-10'),
('Gustavo', 'Oliveira Fernandes', '65322511784', 'M', '1986-01-29'),
('Agatha', 'Barbosa Cunha ', '16239375314', 'F', '1997-02-08'),
('Luis', 'Santo Cavalcanti', '51213426032', 'M', '2000-03-04'),
('Marcos', 'Alves Marques', '12544536042', 'M', '1998-04-04'),
('Julia', 'Azevedo Carvalho', '93322544940', 'F', '2001-09-23'),
('Breno', 'Azevedo Carvalho', '35488405313', 'M', '1998-01-17'),
('José', ' Antônio Júnior Carvalho', '85099733263', 'M', '1965-12-09'),
('Carla', 'Melo Azevedo Carvalho', '96883899278', 'F', '1969-04-03'),
('Lucas', 'Rocha Pinto', '65388068056', 'M', '1989-06-13'),
('George', 'Araújo Rodrigues', '62842064615', 'M', '1968-01-30'),
('Ana', 'Garcia Celtran', '53472529105', 'F', '1978-11-29'),
('Raul', 'Garcia Celtran', '64753728544', 'M', '1975-09-20'),
('Júnior', 'Garcia Celtran', '43513071531', 'M', '1999-05-14'),
('Sabrina', 'Santos Pimentel', '38247455269', 'F', '1993-08-19'),
('Leila', 'Duarte Martins Leite', '57860734168', 'F', '1999-02-09'),
('Giovana', 'Souza Rodrigues', '77394926559', 'F', '1978-08-18'),
('Victor', 'Alves Martins Costa', '19913126606', 'M', '2001-05-03'),
('Beatriz', 'Santos Araújo', '46729390069', 'F', '1982-09-30'),
('Murilo', 'Santos Pimentel', '51866573527', 'M', '1990-08-26'),
('Rebeca', 'Castro Pereira Silva', '65284912675', 'F', '1996-02-25'),
('Rafael', 'Lopes Alfier', '18477643040', 'M', '1976-04-01'),
('Paulo', 'Fonseca Albuquerque Filho', '85381578849', 'M', '1977-12-15'),
('Manuela', 'Gomes Rodrigues', '79733192716', 'F', '2001-02-10'),
('Lavínia', 'Castro Barbosa', '82217550950', 'F', '1995-12-23'),
('Ryan', 'Silva Castro', '43877111165', 'M', '1992-07-15'),
('Luis', 'Santo Cavalcanti', '51214536042', 'M', '2000-03-04'),
('Amanda', 'Oliveira Lopes', '68737455613', 'F', '1979-04-01'),
('Celso', 'Oliveira Lopes', '70626239036', 'M', '1999-07-11'),
('Caio', 'Diniz da Fonseca', '33215294087', 'M', '2002-11-21'),
('Alan', 'Bento Fortuna', '91503966097', 'M', '1991-05-30'),
('Melissa', 'Monteiro Mendonça da Silva', '82337406083', 'F', '1988-04-04'),
('Bernardo', 'Vilar Figueiredo', '39578789009', 'M', '1999-10-30'),
('Thales', 'Vilar Figueiredo', '96547879038', 'M', '2003-06-16'),
('Alice', 'Marques Medeiros', '19757247049', 'F', '2000-12-13'),
('Natália', 'Souza Rodrigues', '41743290012', 'F', '1990-02-27'),
('Jefferson', 'Ferreira da Silva Neto', '22126889033', 'M', '1985-11-05'),
('William', 'Azevedo Martins', '16726759010', 'M', '1993-01-28'),
('Priscila', 'Azevedo Martins', '39342473008', 'F', '1997-03-03'),
('Joel', 'Farias de Freitas', '66441393026', 'M', '1977-07-18'),
('Marcos', 'Takahashi Mendes', '90423780000', 'M', '1982-12-14'),
('Jemilson', 'da Silva Sousa', '53978950081', 'M', '1985-11-05'),
('Roberto', 'Batista Flores', '90036397016', 'M', '1976-09-09'),
('Marília', 'Batista Flores', '36557786008', 'F', '1979-06-24'),
('Natanael', 'Firmino Zacarias da Costa', '74974962043', 'M', '1989-12-07'),
('Gabriel', 'Firmino Zacarias da Costa', '02411772009', 'M', '1989-12-07'),
('Micael', 'Firmino Zacarias da Costa', '40931991080', 'M', '1989-12-07');

CREATE TABLE ESPECTADOR
    (
        cpf_espectador				CHAR(11) 	               NOT NULL,	
        pref_musical		VARCHAR(15),
        PRIMARY KEY (cpf_espectador),
        FOREIGN KEY (cpf_espectador) REFERENCES pessoa(cpf)
            ON UPDATE CASCADE
            ON DELETE SET NULL
    );
	
   INSERT INTO ESPECTADOR
    VALUES
    ('89581480048', 'Música Clássica'),
    ('43345104180', 'Música Popular'),
    ('10720123240', 'Música Clássica'), 
    ('43444624085', 'Rock and Roll'),
    ('38621453444', 'Música Clássica'),
    ('10715183052', 'Sertanejo'),
    ('76565827540', 'Rock and Roll'), 
    ('14553622394', 'Jazz'),
    ('85648321783', 'Música Clássica'),
    ('70227797329', 'Música Popular'),
    ('66582968980', 'Funk'), 
    ('42776414404', 'Rock and Roll'),
    ('09155741363', 'Música Clássica'),
    ('61857754840', 'Sertanejo'),
    ('37129978686', 'Música Popular'), 
    ('63063552941', 'Música Popular'),
    ('28958565403', 'Música Clássica'),
    ('84472922401', 'Jazz'), 
    ('66433122647', 'Rock and Roll'),
    ('93322544940', 'Eletrônica'),
    ('35488405313', 'Jazz'),
    ('62842064615', 'Música Popular'), 
    ('53472529105', 'Música Clássica'),
    ('64753728544', 'Música Popular'),
    ('77394926559', 'Música Clássica'),
    ('19913126606', 'Eletrônica'), 
    ('46729390069', 'Jazz'),
    ('82217550950', 'Sertanejo'),
    ('43877111165', 'Rock and Roll'),
    ('43513071531', 'Música Popular'),
    ('70626239036', 'Música Popular'),
    ('33215294087', 'Eletrônica'),
    ('91503966097',  'Música Clássica'), 
    ('82337406083',  'Música Clássica'),
    ('39578789009', 'Jazz'),
    ('96547879038', 'Música Popular'),
    ('19757247049', 'Música Popular'),
    ('41743290012', 'Música Clássica'),
    ('22126889033', 'Música Clássica'), 
    ('16726759010', 'Rock and Roll'),
    ('39342473008', 'Música Popular'),
    ('66441393026', 'Música Clássica'),
    ('90423780000', 'Música Clássica'), 
    ('53978950081', 'Música Clássica'),
    ('90036397016','Jazz'),
    ('36557786008', 'Música Clássica'),
    ('74974962043', 'Música Clássica'), 
    ('02411772009', 'Jazz'),
    ('40931991080', 'Música Clássica');


CREATE TABLE MEMBRO
    (
        cpf_membro			           CHAR(11) 	                    NOT NULL,
        salario 			                       DOUBLE PRECISION,
        PRIMARY KEY (cpf_membro),
        FOREIGN KEY (cpf_membro) REFERENCES pessoa(cpf)
            ON UPDATE CASCADE
            ON DELETE SET NULL
    );
	
INSERT INTO MEMBRO
 VALUES
 ('45729967500', 10000),
 ('22223697623', 8000),
 ('41027634907', 6000),
 ('87857335630', 3700),
 ('07685965176', 4000),
 ('67263928426', 2800),
 ('79733192716', 2300),
 ('16676397309', 4300),
 ('61456856707', 2100),
 ('38228722966', 5200),
 ('65322511784', 3700),
 ('12544536042', 3700),
 ('51958525618', 4900),
 ('16239375314', 5200),
 ('57860734168', 3700),
 ('51866573527', 3100),
 ('54336536042', 4000),
 ('68737455613', 3400),
 ('65388068056', 5300),
 ('96883899278', 5700),
 ('58152251003', 5200),
 ('36047963005', 6100),
 ('23802096138', 4700),
 ('04631645806', 5200),
 ('69771685287', 3900),
 ('43882096438', 1900),
 ('51214536042', 2100),
 ('85099733263', 6800),
 ('38247455269', 4100),
 ('18477643040', 2600),
 ('65284912675', 3900),
 ('26788119309', 1700),
 ('85381578849', 2900);

DROP TABLE IF EXISTS MAESTRO CASCADE; 

CREATE TABLE MAESTRO
    (
        cpf_maestro				CHAR(11) 		         ,
        concertos_regidos			INTEGER,
        PRIMARY KEY (cpf_maestro),
        FOREIGN KEY (cpf_maestro) REFERENCES pessoa(cpf)
            ON UPDATE CASCADE
            ON DELETE SET NULL
    );

INSERT INTO MAESTRO
    VALUES
    ('45729967500', 41),
    ('22223697623', 29),
    ('41027634907', 17);
   

CREATE TABLE INSTRUMENTO
    (
        ID_inst						   INTEGER		NOT NULL,
        nome 						VARCHAR(15) 	NOT NULL,
        familia					VARCHAR(15) 	NOT NULL,
        valor				      DOUBLE PRECISION,
        PRIMARY KEY (ID_inst)
    );
	
INSERT INTO INSTRUMENTO
VALUES

(1, 'Violino', 'Cordas', 4500),
(2, 'Violino', 'Cordas', 17800),
(3, 'Violino', 'Cordas', 3600),
(4, 'Violino', 'Cordas', 12000),
(5, 'Violino', 'Cordas', 6700),
(6, 'Violino', 'Cordas', 4200),
(7, 'Violino', 'Cordas', 9300),
(8, 'Violino', 'Cordas', 21000),
(9, 'Viola', 'Cordas', 4900),
(10, 'Viola', 'Cordas', 3200),
(11, 'Viola', 'Cordas', 18000),
(12, 'Viola', 'Cordas', 13400),
(13, 'Violoncelo', 'Cordas', 5900),
(14, 'Violoncelo', 'Cordas', 23500),
(15, 'Violoncelo', 'Cordas', 9000),
(16, 'Violoncelo', 'Cordas', 15200),
(17, 'Contrabaixo', 'Cordas', 9700),
(18, 'Contrabaixo', 'Cordas', 14500),
(19, 'Piano', 'Cordas', 63000),
(20, 'Harpa', 'Cordas', 49000),
(21, 'Flauta', 'Madeiras', 3700),
(22, 'Flauta', 'Madeiras', 2500),
(23, 'Flauta', 'Madeiras', 5800),
(24, 'Clarinete', 'Madeiras', 4200),
(25, 'Clarinete', 'Madeiras', 3800),
(26, 'Clarinete', 'Madeiras', 3600),
(27, 'Clarone', 'Madeiras', 12400),
(28, 'Oboé', 'Madeiras', 10200),
(29, 'Oboé', 'Madeiras', 9500),
(30, 'Corne Inglês', 'Madeiras', 14500),
(31, 'Fagote', 'Madeiras', 16000),
(32, 'Fagote', 'Madeiras', 15700),
(33, 'Trompete', 'Metais', 3000),
(34, 'Trompete', 'Metais', 2500),
(35, 'Trombone', 'Metais', 5800),
(36, 'Trombone', 'Metais', 4300),
(37, 'Tuba', 'Metais', 13000),
(38, 'Trompa', 'Metais', 5700),
(39, 'Trompa', 'Metais', 7400),
(40, 'Eufônio', 'Metais', 6400),
(41, 'Xilofone', 'Percussão', 5900),
(42, 'Tímpano', 'Percussão', 12000);

	
CREATE TABLE MUSICO
    (
        cpf_musico			CHAR(11) 		           NOT NULL,
        concertos_tocados    		INTEGER			,
        ID_instrumento                           INTEGER			,
        PRIMARY KEY (cpf_musico),
        FOREIGN KEY (cpf_musico) REFERENCES pessoa(cpf)
            ON UPDATE CASCADE
            ON DELETE SET NULL,
        FOREIGN KEY (ID_instrumento) REFERENCES instrumento (ID_inst)
            ON UPDATE CASCADE
            ON DELETE SET NULL
    );

  INSERT INTO MUSICO
    VALUES
    ('87857335630', 37, 1),
    ('07685965176', 40, 2),
    ('67263928426', 28, 4),
    ('79733192716', 23, 5),
    ('16676397309', 43, 6),
    ('61456856707', 21, 7),
    ('38228722966', 52, 8),
    ('65322511784', 37, 9),
    ('51214536042', 37, 10),
    ('51958525618', 49, 11),
    ('16239375314', 52, 13),
    ('57860734168', 37, 15),
    ('51866573527', 31, 16),
    ('54336536042', 40, 17),
    ('68737455613', 34, 18),
    ('65388068056', 53, 19),
    ('96883899278', 57, 20),
    ('58152251003', 52, 21),
    ('36047963005', 61, 22),
    ('35488405313', 47, 24),
    ('04631645806', 52, 26),
    ('69771685287', 39, 27),
    ('43882096438', 19, 29),
    ('12544536042', 21, 32),
    ('85099733263', 68, 34),
    ('38247455269', 41, 36),
    ('18477643040', 26, 37),
    ('65284912675', 39, 38),
    ('26788119309', 17, 42),
    ('85381578849', 29, 25);

DROP TABLE IF EXISTS MUSICA CASCADE;

CREATE TABLE MUSICA
    (
        nome 					VARCHAR(80) 	NOT NULL,
        compositor				VARCHAR(30) 	NOT NULL,
        ano					INTEGER,
        duracao             				 TIME,
        PRIMARY KEY (nome,compositor)
      );

 INSERT INTO MUSICA
    VALUES
    ('Sinfonia No. 9 - 1° mov', 'Ludwig van Beethoven', 1823, '20:35'),
    ('Sinfonia No. 9 - 2° mov', 'Ludwig van Beethoven', 1823, '20:12'),
    ('Sinfonia No. 9 - 3° mov', 'Ludwig van Beethoven', 1823, '20:10'),
    ('Sinfonia No. 9 - 4° mov', 'Ludwig van Beethoven', 1823, '20:00'),
    ('Sinfonia No. 5 - 1° mov', 'Pyotr Ilyich Tchaikovsky', 1888, '15:43'),
    ('Sinfonia No. 5 - 2° mov', 'Pyotr Ilyich Tchaikovsky', 1888, '12:32'),
    ('Sinfonia No. 5 - 3° mov', 'Pyotr Ilyich Tchaikovsky', 1888, '10:52'),
    ('Sinfonia No. 5 - 4° mov', 'Pyotr Ilyich Tchaikovsky', 1888, '12:11'),
    ('Sinfonia No. 40 - 1° mov', 'Wolfgang Amadeus Mozart', 1788, '09:37'),
    ('Sinfonia No. 40 - 2° mov', 'Wolfgang Amadeus Mozart', 1788, '08:21'),
    ('Sinfonia No. 40 - 3° mov', 'Wolfgang Amadeus Mozart', 1788, '07:43'),
    ('Sinfonia No. 40 - 4° mov', 'Wolfgang Amadeus Mozart', 1788, '08:21'),
    ('As Quatro Estações - Primavera', 'Antonio Vivaldi', 1723, '12:54'),
    ('As Quatro Estações - Verão', 'Antonio Vivaldi', 1723, '09:36'),
    ('As Quatro Estações - Outono', 'Antonio Vivaldi', 1723, '10:48'),
    ('As Quatro Estações - Inverno', 'Antonio Vivaldi', 1723, '11:07'),
    ('Concerto para piano e orquestra nº 1 - I Allegro maestoso', 'Frédéric François Chopin', 1830, '20:04'),
    ('Concerto para piano e orquestra nº 1 - II  Romanze: larghetto', 'Frédéric François Chopin',  1830, '11:37'),   
    ('Concerto para piano e orquestra nº 1 - III  Rondo: vivace', 'Frédéric François Chopin',  1830, '12:14'),
    ('A Origem - Time', 'Hans Zimmer', 2010, 	'6:27'),
    ('Interstellar - Tema Principal', 'Hans Zimmer', 2014, '6:37'),
    ('Piratas do Caribe - Tema Principal', 'Hans Zimmer', 2007, 	'6:19'),
    ('O Rei Leão - This Land', 'Hans Zimmer', 1994, 	'2:55'),
    ('O Rei Leão - King of Pride Rock', 'Hans Zimmer', 1994, 	'5:59'),
    ('Star Wars - Cantina Band Song', 'John Williams', 1977, '3:55'),
    ('O Senhor dos Anéis - A Journey in the Dark', 'Howard Shore', 2001, '4:21'),
    ('O Senhor dos Anéis - Concerning Hobbits', 'Howard Shore', 2001, '2:37'),
    ('Star Wars - Tema da Força', 'John Williams', 1977, '4:35'),
    ('Superman - Tema Principal', 'John Williams', 1978, '4:26'),
    ('Harry Potter - Hedwig’s Theme', 'John Williams', 2001, 	'5:10'),
    ('Indiana Jones – Tema Principal', 'John Williams', 1981, 	'5:26'),
    ('Jurassic Park - Tema Principal', 'John Williams', 1993, 	'7:53'),
    ('Star Wars - Marcha Imperial', 'John Williams', 1977, '3:19'),
    ('A Lista de Schindler', 'John Williams', 1993, '9:08'),
    ('Skyrim - The Song of the Dragonborn', 'Jeremy Soule', 2011, '3:57');

DROP TABLE IF EXISTS APRESENTACAO CASCADE;

CREATE TABLE APRESENTACAO
    (
        local				VARCHAR(50)		NOT NULL,
        data				DATE   			NOT NULL,
        hora                TIME				NOT NULL,
        cpf_maestro	   		CHAR(11) 			,
        valor_ingresso     	DOUBLE PRECISION, 
        PRIMARY KEY (local,data,hora),
        FOREIGN KEY (cpf_maestro) REFERENCES pessoa(cpf)
            ON UPDATE CASCADE
            ON DELETE SET NULL
    );
	
INSERT INTO APRESENTACAO
    VALUES

    ('Ópera Celestial', '2023-08-12', '21:00', '45729967500', 150),
    ('Teatro Azul Anil', '2023-08-13', '18:30', '41027634907', 200),	
    ('Ópera Bom Jardim', '2023-08-19', '18:30', '45729967500', 170),
    ('Ópera Bom Jardim', '2023-08-19', '21:00', '22223697623', 100),
    ('Teatro Vista Alegre', '2023-08-20', '19:00', '45729967500', 60),
    ('Teatro Estelar', '2023-08-26', '18:30', '45729967500', 250),
    ('Teatro Estelar', '2023-08-26', '21:00', '22223697623', 130),
    ('Teatro Estelar', '2023-08-27', '18:30', '22223697623', 45),
    ('Teatro Municipal Vila Lobos', '2023-09-02', '19:00', '41027634907', 80),
    ('Salão de Eventos Musicais de Minas Gerais', '2023-09-10', '19:00', '22223697623', 30),
    ('Sala Municipal de Rio Claro', '2023-09-16', '21:00', '45729967500', 65),
    ('Casa de Eventos Lua Vermelha', '2023-09-17', '18:30', '22223697623', 75),
    ('Casa de Eventos Lua Vermelha', '2023-09-17', '21:00', '41027634907', 120);
	
DROP TABLE IF EXISTS LOCAL CASCADE;
CREATE TABLE LOCAL
    (
        nome_local			VARCHAR(50)		NOT NULL,
        endereco 			VARCHAR(80)		NOT NULL,
        capacidade 			INTEGER			,
        PRIMARY KEY (nome_local,endereco)
      );
	  
 INSERT INTO LOCAL
    VALUES
    ('Ópera Celestial', 'Rua Carlos Augusto Cornelsen, Bairro Bom Retiro, Curitiba - PR', 28),
    ('Teatro Azul Anil', 'Rua Barão de Vitória, Bairro Casa Grande, São Paulo - SP', 46), 
    ('Ópera Bom Jardim', 'Rua Domingos Olímpio, Bairro Vila Joana, São Paulo - SP ', 48),
    ('Teatro Vista Alegre', 'Rua dos Carijós, Bairro Centro, Belo Horizonte - MG', 42), 
    ('Teatro Estelar', 'Rua Sírius, Bairro Andrômeda, Curitiba - PA', 50),
    ('Teatro Municipal Vila Lobos', 'Rua das Flores, Bairro Pedreiras, Santa Rita - RS', 34), 
    ('Salão de Eventos Musicais de Minas Gerais', 'Rua Limeiras, Bairro Mauro Elias Centenário, Belo Horizonte - MG', 64),
    ('Sala Municipal de Rio Claro', 'Rua Abraão Lopes, Bairro Betânia, Rio Claro - MG', 48),
    ('Casa de Eventos Lua Vermelha', 'Rua Sete Lagoas, Bairro Eustáquio de Souza, São Luís - RJ', 38) ;

DROP TABLE IF EXISTS Musico_Toca_Apresentacao CASCADE;

CREATE TABLE Musico_Toca_Apresentacao
    (
        cpf_musico			CHAR(11) 		           NOT NULL,
        local				VARCHAR(80)	           NOT NULL,
        data				DATE			           NOT NULL,
        hora                            		TIME			           NOT NULL,
        PRIMARY KEY (cpf_musico,local,data,hora),
        FOREIGN KEY (cpf_musico) REFERENCES pessoa(cpf)
            ON UPDATE CASCADE
            ON DELETE SET NULL,
        FOREIGN KEY  (local,data,hora) REFERENCES apresentacao (local,data,hora)
            ON UPDATE CASCADE
            ON DELETE SET NULL
    );
	
 INSERT INTO Musico_Toca_Apresentacao
 VALUES
('87857335630','Ópera Celestial', '2023-08-12', '21:00'),
('07685965176','Ópera Celestial', '2023-08-12', '21:00'),
('67263928426','Ópera Celestial', '2023-08-12', '21:00'),
('79733192716','Ópera Celestial', '2023-08-12', '21:00'),
('16676397309','Ópera Celestial', '2023-08-12', '21:00'),
('61456856707','Ópera Celestial', '2023-08-12', '21:00'),
('65322511784','Ópera Celestial', '2023-08-12', '21:00'),
('38247455269','Ópera Celestial', '2023-08-12', '21:00'),
('85099733263','Ópera Celestial', '2023-08-12', '21:00'),
('43882096438','Ópera Celestial', '2023-08-12', '21:00'),
('04631645806','Ópera Celestial', '2023-08-12', '21:00'),
('58152251003','Ópera Celestial', '2023-08-12', '21:00'),
('36047963005','Ópera Celestial', '2023-08-12', '21:00'),
('65284912675','Ópera Celestial', '2023-08-12', '21:00'),
('51958525618','Ópera Celestial', '2023-08-12', '21:00'),  
('57860734168','Ópera Celestial', '2023-08-12', '21:00'),
('51866573527','Ópera Celestial', '2023-08-12', '21:00'), 
('54336536042','Ópera Celestial', '2023-08-12', '21:00'), 
('68737455613','Ópera Celestial', '2023-08-12', '21:00'), 
('26788119309','Ópera Celestial', '2023-08-12', '21:00'), 

('87857335630','Teatro Azul Anil', '2023-08-13', '18:30'),
('07685965176','Teatro Azul Anil', '2023-08-13', '18:30'),
('67263928426','Teatro Azul Anil', '2023-08-13', '18:30'),
('79733192716','Teatro Azul Anil', '2023-08-13', '18:30'),
('16676397309','Teatro Azul Anil', '2023-08-13', '18:30'),
('61456856707','Teatro Azul Anil', '2023-08-13', '18:30'),
('38228722966','Teatro Azul Anil', '2023-08-13', '18:30'),
('65322511784','Teatro Azul Anil', '2023-08-13', '18:30'),
('12544536042','Teatro Azul Anil', '2023-08-13', '18:30'),
('51958525618','Teatro Azul Anil', '2023-08-13', '18:30'),
('16239375314','Teatro Azul Anil', '2023-08-13', '18:30'),
('57860734168','Teatro Azul Anil', '2023-08-13', '18:30'),
('51866573527','Teatro Azul Anil', '2023-08-13', '18:30'),
('54336536042','Teatro Azul Anil', '2023-08-13', '18:30'),
('68737455613','Teatro Azul Anil', '2023-08-13', '18:30'),
('58152251003','Teatro Azul Anil', '2023-08-13', '18:30'),
('96883899278','Teatro Azul Anil', '2023-08-13', '18:30'),
('36047963005','Teatro Azul Anil', '2023-08-13', '18:30'),
('43882096438','Teatro Azul Anil', '2023-08-13', '18:30'),
('04631645806','Teatro Azul Anil', '2023-08-13', '18:30'),
('69771685287','Teatro Azul Anil', '2023-08-13', '18:30'),
('35488405313','Teatro Azul Anil', '2023-08-13', '18:30'),
('51214536042','Teatro Azul Anil', '2023-08-13', '18:30'),
('85099733263','Teatro Azul Anil', '2023-08-13', '18:30'),
('38247455269','Teatro Azul Anil', '2023-08-13', '18:30'),
('18477643040','Teatro Azul Anil', '2023-08-13', '18:30'),
('65284912675','Teatro Azul Anil', '2023-08-13', '18:30'),
('85381578849','Teatro Azul Anil', '2023-08-13', '18:30'),

('87857335630','Ópera Bom Jardim', '2023-08-19', '18:30'),
('07685965176','Ópera Bom Jardim', '2023-08-19', '18:30'),
('67263928426','Ópera Bom Jardim', '2023-08-19', '18:30'),
('79733192716','Ópera Bom Jardim', '2023-08-19', '18:30'),
('16676397309','Ópera Bom Jardim', '2023-08-19', '18:30'),
('61456856707','Ópera Bom Jardim', '2023-08-19', '18:30'),
('38228722966','Ópera Bom Jardim', '2023-08-19', '18:30'),
('65322511784','Ópera Bom Jardim', '2023-08-19', '18:30'),
('51214536042','Ópera Bom Jardim', '2023-08-19', '18:30'),
('51958525618','Ópera Bom Jardim', '2023-08-19', '18:30'),
('16239375314','Ópera Bom Jardim', '2023-08-19', '18:30'),
('57860734168','Ópera Bom Jardim', '2023-08-19', '18:30'),
('51866573527','Ópera Bom Jardim', '2023-08-19', '18:30'),
('54336536042','Ópera Bom Jardim', '2023-08-19', '18:30'),
('68737455613','Ópera Bom Jardim', '2023-08-19', '18:30'),
('65388068056','Ópera Bom Jardim', '2023-08-19', '18:30'),
('96883899278','Ópera Bom Jardim', '2023-08-19', '18:30'),
('58152251003','Ópera Bom Jardim', '2023-08-19', '18:30'),
('36047963005','Ópera Bom Jardim', '2023-08-19', '18:30'),
('43882096438','Ópera Bom Jardim', '2023-08-19', '18:30'),
('04631645806','Ópera Bom Jardim', '2023-08-19', '18:30'),
('26788119309','Ópera Bom Jardim', '2023-08-19', '18:30'),
('85381578849','Ópera Bom Jardim', '2023-08-19', '18:30'),
('18477643040','Ópera Bom Jardim', '2023-08-19', '18:30'),

('87857335630','Ópera Bom Jardim', '2023-08-19', '21:00'),
('07685965176','Ópera Bom Jardim', '2023-08-19', '21:00'),
('67263928426','Ópera Bom Jardim', '2023-08-19', '21:00'),
('79733192716','Ópera Bom Jardim', '2023-08-19', '21:00'),
('16676397309','Ópera Bom Jardim', '2023-08-19', '21:00'),
('61456856707','Ópera Bom Jardim', '2023-08-19', '21:00'),
('12544536042','Ópera Bom Jardim', '2023-08-19', '21:00'),
('51958525618','Ópera Bom Jardim', '2023-08-19', '21:00'),
('57860734168','Ópera Bom Jardim', '2023-08-19', '21:00'),
('51866573527','Ópera Bom Jardim', '2023-08-19', '21:00'),
('68737455613','Ópera Bom Jardim', '2023-08-19', '21:00'),
('69771685287','Ópera Bom Jardim', '2023-08-19', '21:00'),
('43882096438','Ópera Bom Jardim', '2023-08-19', '21:00'),
('51214536042','Ópera Bom Jardim', '2023-08-19', '21:00'),
('18477643040','Ópera Bom Jardim', '2023-08-19', '21:00'),
('65284912675','Ópera Bom Jardim', '2023-08-19', '21:00'),
('26788119309','Ópera Bom Jardim', '2023-08-19', '21:00'),
('85381578849','Ópera Bom Jardim', '2023-08-19', '21:00'),

('87857335630','Teatro Vista Alegre', '2023-08-20', '19:00'),
('07685965176','Teatro Vista Alegre', '2023-08-20', '19:00'),
('67263928426','Teatro Vista Alegre', '2023-08-20', '19:00'),
('79733192716','Teatro Vista Alegre', '2023-08-20', '19:00'),
('96883899278','Teatro Vista Alegre', '2023-08-20', '19:00'),
('16239375314','Teatro Vista Alegre', '2023-08-20', '19:00'),
('51958525618','Teatro Vista Alegre', '2023-08-20', '19:00'),
('51866573527','Teatro Vista Alegre', '2023-08-20', '19:00'),
('57860734168','Teatro Vista Alegre', '2023-08-20', '19:00'),
('68737455613','Teatro Vista Alegre', '2023-08-20', '19:00'),

('87857335630','Teatro Estelar', '2023-08-26', '18:30'),
('07685965176','Teatro Estelar', '2023-08-26', '18:30'),
('67263928426','Teatro Estelar', '2023-08-26', '18:30'),
('79733192716','Teatro Estelar', '2023-08-26', '18:30'),
('16676397309','Teatro Estelar', '2023-08-26', '18:30'),
('61456856707','Teatro Estelar', '2023-08-26', '18:30'),
('38228722966','Teatro Estelar', '2023-08-26', '18:30'),
('65322511784','Teatro Estelar', '2023-08-26', '18:30'),
('12544536042','Teatro Estelar', '2023-08-26', '18:30'),
('51958525618','Teatro Estelar', '2023-08-26', '18:30'),
('16239375314','Teatro Estelar', '2023-08-26', '18:30'),
('57860734168','Teatro Estelar', '2023-08-26', '18:30'),
('51866573527','Teatro Estelar', '2023-08-26', '18:30'),
('54336536042','Teatro Estelar', '2023-08-26', '18:30'),
('68737455613','Teatro Estelar', '2023-08-26', '18:30'),
('96883899278','Teatro Estelar', '2023-08-26', '18:30'),
('58152251003','Teatro Estelar', '2023-08-26', '18:30'),
('36047963005','Teatro Estelar', '2023-08-26', '18:30'),
('43882096438','Teatro Estelar', '2023-08-26', '18:30'),
('04631645806','Teatro Estelar', '2023-08-26', '18:30'),
('69771685287','Teatro Estelar', '2023-08-26', '18:30'),
('35488405313','Teatro Estelar', '2023-08-26', '18:30'),
('51214536042','Teatro Estelar', '2023-08-26', '18:30'),
('38247455269','Teatro Estelar', '2023-08-26', '18:30'),
('65284912675','Teatro Estelar', '2023-08-26', '18:30'),
('26788119309','Teatro Estelar', '2023-08-26', '18:30'),

('87857335630','Teatro Estelar', '2023-08-26', '21:00'),
('07685965176','Teatro Estelar', '2023-08-26', '21:00'),
('67263928426','Teatro Estelar', '2023-08-26', '21:00'),
('79733192716','Teatro Estelar', '2023-08-26', '21:00'),
('16676397309','Teatro Estelar', '2023-08-26', '21:00'),
('61456856707','Teatro Estelar', '2023-08-26', '21:00'),
('38228722966','Teatro Estelar', '2023-08-26', '21:00'),
('65322511784','Teatro Estelar', '2023-08-26', '21:00'),
('51214536042','Teatro Estelar', '2023-08-26', '21:00'),
('51958525618','Teatro Estelar', '2023-08-26', '21:00'),
('16239375314','Teatro Estelar', '2023-08-26', '21:00'),
('57860734168','Teatro Estelar', '2023-08-26', '21:00'),
('51866573527','Teatro Estelar', '2023-08-26', '21:00'),
('54336536042','Teatro Estelar', '2023-08-26', '21:00'),
('68737455613','Teatro Estelar', '2023-08-26', '21:00'),
('65388068056','Teatro Estelar', '2023-08-26', '21:00'),
('96883899278','Teatro Estelar', '2023-08-26', '21:00'),
('58152251003','Teatro Estelar', '2023-08-26', '21:00'),
('36047963005','Teatro Estelar', '2023-08-26', '21:00'),
('43882096438','Teatro Estelar', '2023-08-26', '21:00'),
('04631645806','Teatro Estelar', '2023-08-26', '21:00'),
('26788119309','Teatro Estelar', '2023-08-26', '21:00'),
('85381578849','Teatro Estelar', '2023-08-26', '21:00'),
('18477643040','Teatro Estelar', '2023-08-26', '21:00'),

('65388068056','Teatro Estelar', '2023-08-27', '18:30'),
('58152251003','Teatro Estelar', '2023-08-27', '18:30'),
('36047963005','Teatro Estelar', '2023-08-27', '18:30'),
('35488405313','Teatro Estelar', '2023-08-27', '18:30'),
('96883899278' ,'Teatro Estelar', '2023-08-27', '18:30'), 
('43882096438','Teatro Estelar', '2023-08-27', '18:30'),
('04631645806','Teatro Estelar', '2023-08-27', '18:30'),
('69771685287','Teatro Estelar', '2023-08-27', '18:30'),
('85099733263','Teatro Estelar', '2023-08-27', '18:30'),
('38247455269','Teatro Estelar', '2023-08-27', '18:30'),
('26788119309','Teatro Estelar', '2023-08-27', '18:30'),
('54336536042','Teatro Estelar', '2023-08-27', '18:30'),
('68737455613','Teatro Estelar', '2023-08-27', '18:30'),
('16239375314','Teatro Estelar', '2023-08-27', '18:30'),
('57860734168','Teatro Estelar', '2023-08-27', '18:30'),
('51866573527','Teatro Estelar', '2023-08-27', '18:30'),
('65322511784','Teatro Estelar', '2023-08-27', '18:30'),
('51214536042','Teatro Estelar', '2023-08-27', '18:30'),
('51958525618','Teatro Estelar', '2023-08-27', '18:30'),
('87857335630','Teatro Estelar', '2023-08-27', '18:30'),
('07685965176','Teatro Estelar', '2023-08-27', '18:30'),
('67263928426','Teatro Estelar', '2023-08-27', '18:30'),
('79733192716','Teatro Estelar', '2023-08-27', '18:30'),
('16676397309','Teatro Estelar', '2023-08-27', '18:30'),
('61456856707','Teatro Estelar', '2023-08-27', '18:30'),
('38228722966','Teatro Estelar', '2023-08-27', '18:30'),
('18477643040','Teatro Estelar', '2023-08-27', '18:30'),
('65284912675','Teatro Estelar', '2023-08-27', '18:30'),
('85381578849','Teatro Estelar', '2023-08-27', '18:30'),

('65388068056','Teatro Municipal Vila Lobos', '2023-09-02','19:00'),
('87857335630','Teatro Municipal Vila Lobos', '2023-09-02','19:00'),
('07685965176','Teatro Municipal Vila Lobos', '2023-09-02','19:00'),
('67263928426','Teatro Municipal Vila Lobos', '2023-09-02','19:00'),
('79733192716','Teatro Municipal Vila Lobos', '2023-09-02','19:00'),
('65322511784','Teatro Municipal Vila Lobos', '2023-09-02','19:00'),
('51214536042','Teatro Municipal Vila Lobos', '2023-09-02','19:00'),
('16239375314','Teatro Municipal Vila Lobos', '2023-09-02','19:00'),
('57860734168','Teatro Municipal Vila Lobos', '2023-09-02','19:00'),
('68737455613','Teatro Municipal Vila Lobos', '2023-09-02','19:00'),
('36047963005','Teatro Municipal Vila Lobos', '2023-09-02','19:00'),
('58152251003','Teatro Municipal Vila Lobos', '2023-09-02','19:00'),
('65284912675','Teatro Municipal Vila Lobos', '2023-09-02','19:00'),
('38247455269','Teatro Municipal Vila Lobos', '2023-09-02','19:00'),
('26788119309','Teatro Municipal Vila Lobos', '2023-09-02','19:00'),

('61456856707','Salão de Eventos Musicais de Minas Gerais', '2023-09-10', '19:00'),
('38228722966','Salão de Eventos Musicais de Minas Gerais', '2023-09-10', '19:00'),
('51214536042','Salão de Eventos Musicais de Minas Gerais', '2023-09-10', '19:00'),
('57860734168','Salão de Eventos Musicais de Minas Gerais', '2023-09-10', '19:00'),

('65322511784','Sala Municipal de Rio Claro', '2023-09-16', '21:00'),
('51214536042','Sala Municipal de Rio Claro', '2023-09-16', '21:00'),
('16239375314','Sala Municipal de Rio Claro', '2023-09-16', '21:00'),
('57860734168','Sala Municipal de Rio Claro', '2023-09-16', '21:00'),
('87857335630','Sala Municipal de Rio Claro', '2023-09-16', '21:00'),
('07685965176','Sala Municipal de Rio Claro', '2023-09-16', '21:00'),
('67263928426','Sala Municipal de Rio Claro', '2023-09-16', '21:00'),
('79733192716','Sala Municipal de Rio Claro', '2023-09-16', '21:00'),
('65388068056','Sala Municipal de Rio Claro', '2023-09-16', '21:00'),
('61456856707','Sala Municipal de Rio Claro', '2023-09-16', '21:00'),

('65388068056','Casa de Eventos Lua Vermelha', '2023-09-17', '18:30'),
('87857335630','Casa de Eventos Lua Vermelha', '2023-09-17', '18:30'),
('07685965176','Casa de Eventos Lua Vermelha', '2023-09-17', '18:30'),
('67263928426','Casa de Eventos Lua Vermelha', '2023-09-17', '18:30'),
('79733192716','Casa de Eventos Lua Vermelha', '2023-09-17', '18:30'),
('65322511784','Casa de Eventos Lua Vermelha', '2023-09-17', '18:30'),
('51214536042','Casa de Eventos Lua Vermelha', '2023-09-17', '18:30'),
('16239375314','Casa de Eventos Lua Vermelha', '2023-09-17', '18:30'),
('57860734168','Casa de Eventos Lua Vermelha', '2023-09-17', '18:30'),
('54336536042','Casa de Eventos Lua Vermelha', '2023-09-17', '18:30'),
('58152251003','Casa de Eventos Lua Vermelha', '2023-09-17', '18:30'),
('43882096438','Casa de Eventos Lua Vermelha', '2023-09-17', '18:30'),
('69771685287','Casa de Eventos Lua Vermelha', '2023-09-17', '18:30'),
('85099733263','Casa de Eventos Lua Vermelha', '2023-09-17', '18:30'),
('26788119309','Casa de Eventos Lua Vermelha', '2023-09-17', '18:30'),
('85381578849','Casa de Eventos Lua Vermelha', '2023-09-17', '18:30'),

('96883899278','Casa de Eventos Lua Vermelha', '2023-09-17', '21:00'),
('38228722966','Casa de Eventos Lua Vermelha', '2023-09-17', '21:00'),
('61456856707','Casa de Eventos Lua Vermelha', '2023-09-17', '21:00'),
('16676397309','Casa de Eventos Lua Vermelha', '2023-09-17', '21:00'),
('51958525618','Casa de Eventos Lua Vermelha', '2023-09-17', '21:00'),
('51214536042','Casa de Eventos Lua Vermelha', '2023-09-17', '21:00'),
('16239375314','Casa de Eventos Lua Vermelha', '2023-09-17', '21:00'),
('51866573527','Casa de Eventos Lua Vermelha', '2023-09-17', '21:00'),
('68737455613','Casa de Eventos Lua Vermelha', '2023-09-17', '21:00'),
('35488405313','Casa de Eventos Lua Vermelha', '2023-09-17', '21:00'),
('69771685287','Casa de Eventos Lua Vermelha', '2023-09-17', '21:00'),
('43882096438','Casa de Eventos Lua Vermelha', '2023-09-17', '21:00'),
('12544536042','Casa de Eventos Lua Vermelha', '2023-09-17', '21:00'),
('85099733263','Casa de Eventos Lua Vermelha', '2023-09-17', '21:00'),
('38247455269','Casa de Eventos Lua Vermelha', '2023-09-17', '21:00'),
('18477643040','Casa de Eventos Lua Vermelha', '2023-09-17', '21:00'),
('65284912675','Casa de Eventos Lua Vermelha', '2023-09-17', '21:00'),
('26788119309','Casa de Eventos Lua Vermelha', '2023-09-17', '21:00'),
('85381578849','Casa de Eventos Lua Vermelha', '2023-09-17', '21:00');

 DROP TABLE IF EXISTS REPERTORIO CASCADE;
 CREATE TABLE REPERTORIO
    (
       nome_musica  			VARCHAR(90)			NOT NULL,
       compositor 			VARCHAR(70)			NOT NULL,
       local				VARCHAR(60)			NOT NULL,
       data				DATE					NOT NULL,
       hora                           		TIME					NOT NULL,
       PRIMARY KEY (nome_musica,compositor,local,data,hora),
       FOREIGN KEY  (nome_musica,compositor ) REFERENCES musica(nome,compositor)
            ON UPDATE CASCADE
            ON DELETE SET NULL,
        FOREIGN KEY  (local,data,hora) REFERENCES apresentacao (local,data,hora)
            ON UPDATE CASCADE
            ON DELETE SET NULL
    );

INSERT INTO REPERTORIO
VALUES
('Sinfonia No. 9 - 1° mov', 'Ludwig van Beethoven', 'Ópera Celestial', '2023-08-12', '21:00'),
('Sinfonia No. 9 - 2° mov', 'Ludwig van Beethoven', 'Ópera Celestial', '2023-08-12', '21:00'),
('Sinfonia No. 9 - 3° mov', 'Ludwig van Beethoven', 'Ópera Celestial', '2023-08-12', '21:00'),
('Sinfonia No. 9 - 4° mov', 'Ludwig van Beethoven', 'Ópera Celestial', '2023-08-12', '21:00'),

('Sinfonia No. 5 - 1° mov', 'Pyotr Ilyich Tchaikovsky', 'Teatro Azul Anil', '2023-08-13', '18:30'),
('Sinfonia No. 5 - 2° mov', 'Pyotr Ilyich Tchaikovsky', 'Teatro Azul Anil', '2023-08-13', '18:30'),
('Sinfonia No. 5 - 3° mov', 'Pyotr Ilyich Tchaikovsky', 'Teatro Azul Anil', '2023-08-13', '18:30'),
('Sinfonia No. 5 - 4° mov', 'Pyotr Ilyich Tchaikovsky', 'Teatro Azul Anil', '2023-08-13', '18:30'),

('Sinfonia No. 40 - 1° mov', 'Wolfgang Amadeus Mozart', 'Ópera Bom Jardim', '2023-08-19', '18:30'),
('Sinfonia No. 40 - 2° mov', 'Wolfgang Amadeus Mozart', 'Ópera Bom Jardim', '2023-08-19', '18:30'),
('Sinfonia No. 40 - 3° mov', 'Wolfgang Amadeus Mozart', 'Ópera Bom Jardim', '2023-08-19', '18:30'),
('Sinfonia No. 40 - 4° mov', 'Wolfgang Amadeus Mozart', 'Ópera Bom Jardim', '2023-08-19', '18:30'),

('Sinfonia No. 9 - 1° mov', 'Ludwig van Beethoven', 'Ópera Bom Jardim', '2023-08-19', '21:00'),
('Sinfonia No. 9 - 2° mov', 'Ludwig van Beethoven','Ópera Bom Jardim', '2023-08-19', '21:00'),
('Sinfonia No. 9 - 3° mov', 'Ludwig van Beethoven','Ópera Bom Jardim', '2023-08-19', '21:00'),
('Sinfonia No. 9 - 4° mov', 'Ludwig van Beethoven', 'Ópera Bom Jardim', '2023-08-19', '21:00'),

('Star Wars - Cantina Band Song', 'John Williams','Teatro Vista Alegre', '2023-08-20', '19:00'),
('Star Wars - Tema da Força', 'John Williams', 'Teatro Vista Alegre', '2023-08-20', '19:00'),
('Star Wars - Marcha Imperial', 'John Williams','Teatro Vista Alegre', '2023-08-20', '19:00'),
('O Senhor dos Anéis - A Journey in the Dark', 'Howard Shore','Teatro Vista Alegre', '2023-08-20', '19:00'),
('O Senhor dos Anéis - Concerning Hobbits', 'Howard Shore','Teatro Vista Alegre', '2023-08-20', '19:00'),

('Sinfonia No. 40 - 1° mov', 'Wolfgang Amadeus Mozart', 'Teatro Estelar', '2023-08-26', '18:30'),
('Sinfonia No. 40 - 2° mov', 'Wolfgang Amadeus Mozart', 'Teatro Estelar', '2023-08-26', '18:30'),
('Sinfonia No. 40 - 3° mov', 'Wolfgang Amadeus Mozart', 'Teatro Estelar', '2023-08-26', '18:30'),
('Sinfonia No. 40 - 4° mov', 'Wolfgang Amadeus Mozart', 'Teatro Estelar', '2023-08-26', '18:30'),

('As Quatro Estações - Primavera', 'Antonio Vivaldi', 'Teatro Estelar', '2023-08-26', '21:00'),
('As Quatro Estações - Verão', 'Antonio Vivaldi', 'Teatro Estelar', '2023-08-26', '21:00'),
('As Quatro Estações - Outono', 'Antonio Vivaldi', 'Teatro Estelar', '2023-08-26', '21:00'),
('As Quatro Estações - Inverno', 'Antonio Vivaldi', 'Teatro Estelar', '2023-08-26', '21:00'),

('Concerto para piano e orquestra nº 1 - I Allegro maestoso', 'Frédéric François Chopin', 'Teatro Estelar', '2023-08-27', '18:30'),
('Concerto para piano e orquestra nº 1 - II  Romanze: larghetto', 'Frédéric François Chopin', 'Teatro Estelar', '2023-08-27', '18:30'),
('Concerto para piano e orquestra nº 1 - III  Rondo: vivace', 'Frédéric François Chopin', 'Teatro Estelar', '2023-08-27', '18:30'),

('A Origem - Time', 'Hans Zimmer', 'Teatro Municipal Vila Lobos', '2023-09-02', '19:00'),
('Interstellar - Tema Principal', 'Hans Zimmer', 'Teatro Municipal Vila Lobos', '2023-09-02', '19:00'),
('Piratas do Caribe - Tema Principal', 'Hans Zimmer','Teatro Municipal Vila Lobos', '2023-09-02', '19:00'),
('O Rei Leão - This Land', 'Hans Zimmer', 'Teatro Municipal Vila Lobos', '2023-09-02', '19:00'),
('O Rei Leão - King of Pride Rock', 'Hans Zimmer', 'Teatro Municipal Vila Lobos', '2023-09-02', '19:00'),
('Skyrim - The Song of the Dragonborn', 'Jeremy Soule','Teatro Municipal Vila Lobos', '2023-09-02', '19:00'),

('Harry Potter - Hedwig’s Theme', 'John Williams',  'Salão de Eventos Musicais de Minas Gerais', '2023-09-10', '19:00'),
('Indiana Jones – Tema Principal', 'John Williams',  'Salão de Eventos Musicais de Minas Gerais', '2023-09-10', '19:00'),
('Jurassic Park - Tema Principal', 'John Williams',  'Salão de Eventos Musicais de Minas Gerais', '2023-09-10', '19:00'),
('A Lista de Schindler', 'John Williams',  'Salão de Eventos Musicais de Minas Gerais', '2023-09-10', '19:00'),
('Superman - Tema Principal', 'John Williams',  'Salão de Eventos Musicais de Minas Gerais', 
'2023-09-10', '19:00'),

('Star Wars - Cantina Band Song', 'John Williams', 'Sala Municipal de Rio Claro', '2023-09-16', '21:00'),
('Star Wars - Tema da Força', 'John Williams', 'Sala Municipal de Rio Claro', '2023-09-16', '21:00'),
('Star Wars - Marcha Imperial', 'John Williams', 'Sala Municipal de Rio Claro', '2023-09-16', '21:00'),
('O Senhor dos Anéis - A Journey in the Dark', 'Howard Shore', 'Sala Municipal de Rio Claro', '2023-09-16', '21:00'),
('O Senhor dos Anéis - Concerning Hobbits', 'Howard Shore', 'Sala Municipal de Rio Claro', '2023-09-16', '21:00'),

('A Origem - Time', 'Hans Zimmer', 'Casa de Eventos Lua Vermelha', '2023-09-17', '18:30'),
('Interstellar - Tema Principal', 'Hans Zimmer',  'Casa de Eventos Lua Vermelha', '2023-09-17', '18:30'),
('Piratas do Caribe - Tema Principal', 'Hans Zimmer', 'Casa de Eventos Lua Vermelha', '2023-09-17', '18:30'),
('O Rei Leão - This Land', 'Hans Zimmer', 'Casa de Eventos Lua Vermelha', '2023-09-17', '18:30'),
('O Rei Leão - King of Pride Rock', 'Hans Zimmer', 'Casa de Eventos Lua Vermelha', '2023-09-17', '18:30'),
('Skyrim - The Song of the Dragonborn', 'Jeremy Soule','Casa de Eventos Lua Vermelha', '2023-09-17', '18:30'),

('Harry Potter - Hedwig’s Theme', 'John Williams', 'Casa de Eventos Lua Vermelha', '2023-09-17', '21:00'),
('Indiana Jones – Tema Principal', 'John Williams', 'Casa de Eventos Lua Vermelha', '2023-09-17', '21:00'),
('Jurassic Park - Tema Principal', 'John Williams', 'Casa de Eventos Lua Vermelha', '2023-09-17', '21:00'),
('A Lista de Schindler', 'John Williams', 'Casa de Eventos Lua Vermelha', '2023-09-17', '21:00'),
('Superman - Tema Principal', 'John Williams',  'Casa de Eventos Lua Vermelha', '2023-09-17', '21:00');

DROP TABLE IF EXISTS Espectador_Assiste_Apresentacao CASCADE;
 CREATE TABLE Espectador_Assiste_Apresentacao
    (
        cpf_espectador			CHAR(11) 	              		NOT NULL,	
        local				VARCHAR(80)			NOT NULL,
        data				DATE	              			NOT NULL,
        hora                            		TIME	              			NOT NULL, 
        PRIMARY KEY (cpf_espectador,local,data,hora),
        FOREIGN KEY  (cpf_espectador) REFERENCES pessoa(cpf)
            ON UPDATE CASCADE
            ON DELETE SET NULL,
       FOREIGN KEY  (local,data,hora) REFERENCES apresentacao (local,data,hora)
            ON UPDATE CASCADE
            ON DELETE SET NULL
    );

INSERT INTO  Espectador_Assiste_Apresentacao
VALUES

('89581480048','Ópera Celestial', '2023-08-12', '21:00'),
('10720123240','Ópera Celestial', '2023-08-12', '21:00'),
('38621453444','Ópera Celestial', '2023-08-12', '21:00'),
('85648321783','Ópera Celestial', '2023-08-12', '21:00'),
('09155741363','Ópera Celestial', '2023-08-12', '21:00'),
('28958565403','Ópera Celestial', '2023-08-12', '21:00'),
('53472529105','Ópera Celestial', '2023-08-12', '21:00'),
('77394926559','Ópera Celestial', '2023-08-12', '21:00'),
('43513071531','Ópera Celestial', '2023-08-12', '21:00'),
('84472922401','Ópera Celestial', '2023-08-12', '21:00'),
('70626239036','Ópera Celestial', '2023-08-12', '21:00'),
('74974962043','Ópera Celestial', '2023-08-12', '21:00'),
('02411772009','Ópera Celestial', '2023-08-12', '21:00'),
('40931991080','Ópera Celestial', '2023-08-12', '21:00'),

('89581480048','Teatro Azul Anil', '2023-08-13', '18:30'),
('10720123240','Teatro Azul Anil', '2023-08-13', '18:30'),
('38621453444','Teatro Azul Anil', '2023-08-13', '18:30'),
('85648321783','Teatro Azul Anil', '2023-08-13', '18:30'),
('09155741363','Teatro Azul Anil', '2023-08-13', '18:30'),
('61857754840','Teatro Azul Anil', '2023-08-13', '18:30'),
('28958565403','Teatro Azul Anil', '2023-08-13', '18:30'),
('84472922401','Teatro Azul Anil', '2023-08-13', '18:30'),
('53472529105','Teatro Azul Anil', '2023-08-13', '18:30'),
('64753728544','Teatro Azul Anil', '2023-08-13', '18:30'),
('77394926559','Teatro Azul Anil', '2023-08-13', '18:30'),
('43513071531','Teatro Azul Anil', '2023-08-13', '18:30'),
('39578789009','Teatro Azul Anil', '2023-08-13', '18:30'),
('96547879038','Teatro Azul Anil', '2023-08-13', '18:30'),
('19757247049','Teatro Azul Anil', '2023-08-13', '18:30'),
('53978950081','Teatro Azul Anil', '2023-08-13', '18:30'),
('16726759010','Teatro Azul Anil', '2023-08-13', '18:30'),
('39342473008','Teatro Azul Anil', '2023-08-13', '18:30'),
('33215294087','Teatro Azul Anil', '2023-08-13', '18:30'),
('74974962043','Teatro Azul Anil', '2023-08-13', '18:30'),

('89581480048','Ópera Bom Jardim', '2023-08-19', '18:30'),
('10720123240','Ópera Bom Jardim', '2023-08-19', '18:30'),
('43345104180','Ópera Bom Jardim', '2023-08-19', '18:30'),
('38621453444','Ópera Bom Jardim', '2023-08-19', '18:30'),
('14553622394','Ópera Bom Jardim', '2023-08-19', '18:30'),
('85648321783','Ópera Bom Jardim', '2023-08-19', '18:30'),
('09155741363','Ópera Bom Jardim', '2023-08-19', '18:30'),
('61857754840','Ópera Bom Jardim', '2023-08-19', '18:30'),
('28958565403','Ópera Bom Jardim', '2023-08-19', '18:30'),
('84472922401','Ópera Bom Jardim', '2023-08-19', '18:30'),
('53472529105','Ópera Bom Jardim', '2023-08-19', '18:30'),
('64753728544','Ópera Bom Jardim', '2023-08-19', '18:30'),
('43513071531','Ópera Bom Jardim', '2023-08-19', '18:30'),
('77394926559','Ópera Bom Jardim', '2023-08-19', '18:30'),
('46729390069','Ópera Bom Jardim', '2023-08-19', '18:30'),
('91503966097','Ópera Bom Jardim', '2023-08-19', '18:30'),
('82337406083','Ópera Bom Jardim', '2023-08-19', '18:30'),
('90036397016','Ópera Bom Jardim', '2023-08-19', '18:30'),
('36557786008','Ópera Bom Jardim', '2023-08-19', '18:30'),
('90423780000','Ópera Bom Jardim', '2023-08-19', '18:30'),

('89581480048','Ópera Bom Jardim', '2023-08-19', '21:00'),
('10720123240','Ópera Bom Jardim', '2023-08-19', '21:00'),
('38621453444','Ópera Bom Jardim', '2023-08-19', '21:00'),
('14553622394','Ópera Bom Jardim', '2023-08-19', '21:00'),
('85648321783','Ópera Bom Jardim', '2023-08-19', '21:00'),
('70227797329','Ópera Bom Jardim', '2023-08-19', '21:00'),
('09155741363','Ópera Bom Jardim', '2023-08-19', '21:00'),
('61857754840','Ópera Bom Jardim', '2023-08-19', '21:00'),
('28958565403','Ópera Bom Jardim', '2023-08-19', '21:00'),
('84472922401','Ópera Bom Jardim', '2023-08-19', '21:00'),
('93322544940','Ópera Bom Jardim', '2023-08-19', '21:00'),
('35488405313','Ópera Bom Jardim', '2023-08-19', '21:00'),
('53472529105','Ópera Bom Jardim', '2023-08-19', '21:00'),
('64753728544','Ópera Bom Jardim', '2023-08-19', '21:00'),
('43513071531','Ópera Bom Jardim', '2023-08-19', '21:00'),
('77394926559','Ópera Bom Jardim', '2023-08-19', '21:00'),
('19757247049','Ópera Bom Jardim', '2023-08-19', '21:00'),
('41743290012','Ópera Bom Jardim', '2023-08-19', '21:00'),
('22126889033','Ópera Bom Jardim', '2023-08-19', '21:00'),

('43345104180','Teatro Vista Alegre', '2023-08-20', '19:00'),
('70227797329','Teatro Vista Alegre', '2023-08-20', '19:00'),
('37129978686','Teatro Vista Alegre', '2023-08-20', '19:00'),
('63063552941','Teatro Vista Alegre', '2023-08-20', '19:00'),
('62842064615','Teatro Vista Alegre', '2023-08-20', '19:00'),
('43513071531','Teatro Vista Alegre', '2023-08-20', '19:00'),
('93322544940','Teatro Vista Alegre', '2023-08-20', '19:00'),
('35488405313','Teatro Vista Alegre', '2023-08-20', '19:00'),
('66582968980','Teatro Vista Alegre', '2023-08-20', '19:00'),
('42776414404','Teatro Vista Alegre', '2023-08-20', '19:00'),
('74974962043','Teatro Vista Alegre', '2023-08-20', '19:00'),
('02411772009','Teatro Vista Alegre', '2023-08-20', '19:00'),
('40931991080','Teatro Vista Alegre', '2023-08-20', '19:00'),
('90036397016','Teatro Vista Alegre', '2023-08-20', '19:00'),
('66441393026','Teatro Vista Alegre', '2023-08-20', '19:00'),
('53978950081','Teatro Vista Alegre', '2023-08-20', '19:00'),

('89581480048','Teatro Estelar', '2023-08-26', '18:30'),
('10720123240','Teatro Estelar', '2023-08-26', '18:30'),
('38621453444','Teatro Estelar', '2023-08-26', '18:30'),
('85648321783','Teatro Estelar', '2023-08-26', '18:30'),
('09155741363','Teatro Estelar', '2023-08-26', '18:30'),
('61857754840','Teatro Estelar', '2023-08-26', '18:30'),
('28958565403','Teatro Estelar', '2023-08-26', '18:30'),
('84472922401','Teatro Estelar', '2023-08-26', '18:30'),
('53472529105','Teatro Estelar', '2023-08-26', '18:30'),
('64753728544','Teatro Estelar', '2023-08-26', '18:30'),
('43513071531','Teatro Estelar', '2023-08-26', '18:30'),
('77394926559','Teatro Estelar', '2023-08-26', '18:30'),
('46729390069','Teatro Estelar', '2023-08-26', '18:30'),
('14553622394','Teatro Estelar', '2023-08-26', '18:30'),
('62842064615','Teatro Estelar', '2023-08-26', '18:30'),
('74974962043','Teatro Estelar', '2023-08-26', '18:30'),
('02411772009','Teatro Estelar', '2023-08-26', '18:30'),
('40931991080','Teatro Estelar', '2023-08-26', '18:30'),
('70626239036','Teatro Estelar', '2023-08-26', '18:30'),

('89581480048','Teatro Estelar', '2023-08-26', '21:00'),
('10720123240','Teatro Estelar', '2023-08-26', '21:00'),
('43444624085','Teatro Estelar', '2023-08-26', '21:00'),
('76565827540','Teatro Estelar', '2023-08-26', '21:00'),
('14553622394','Teatro Estelar', '2023-08-26', '21:00'),
('85648321783','Teatro Estelar', '2023-08-26', '21:00'),
('66433122647','Teatro Estelar', '2023-08-26', '21:00'),
('93322544940','Teatro Estelar', '2023-08-26', '21:00'),
('35488405313','Teatro Estelar', '2023-08-26', '21:00'),
('46729390069','Teatro Estelar', '2023-08-26', '21:00'),
('43877111165','Teatro Estelar', '2023-08-26', '21:00'),
('53472529105','Teatro Estelar', '2023-08-26', '21:00'),
('64753728544','Teatro Estelar', '2023-08-26', '21:00'),
('43513071531','Teatro Estelar', '2023-08-26', '21:00'),
('66582968980','Teatro Estelar', '2023-08-26', '21:00'),
('42776414404','Teatro Estelar', '2023-08-26', '21:00'),
('70227797329','Teatro Estelar', '2023-08-26', '21:00'),
('43345104180','Teatro Estelar', '2023-08-26', '21:00'),

('43513071531','Teatro Estelar', '2023-08-27', '18:30'),
('46729390069','Teatro Estelar', '2023-08-27', '18:30'),
('77394926559','Teatro Estelar', '2023-08-27', '18:30'),
('62842064615','Teatro Estelar', '2023-08-27', '18:30'),
('84472922401','Teatro Estelar', '2023-08-27', '18:30'),
('28958565403','Teatro Estelar', '2023-08-27', '18:30'),
('37129978686','Teatro Estelar', '2023-08-27', '18:30'),
('70227797329','Teatro Estelar', '2023-08-27', '18:30'),
('14553622394','Teatro Estelar', '2023-08-27', '18:30'),
('76565827540','Teatro Estelar', '2023-08-27', '18:30'),
('10715183052','Teatro Estelar', '2023-08-27', '18:30'),
('38621453444','Teatro Estelar', '2023-08-27', '18:30'),
('43444624085','Teatro Estelar', '2023-08-27', '18:30'),
('10720123240','Teatro Estelar', '2023-08-27', '18:30'),
('66433122647','Teatro Estelar', '2023-08-27', '18:30'),
('53978950081','Teatro Estelar', '2023-08-27', '18:30'),
('16726759010','Teatro Estelar', '2023-08-27', '18:30'),
('39342473008','Teatro Estelar', '2023-08-27', '18:30'),

('43345104180','Teatro Municipal Vila Lobos', '2023-09-02','19:00'),
('43444624085','Teatro Municipal Vila Lobos', '2023-09-02','19:00'),
('10715183052','Teatro Municipal Vila Lobos', '2023-09-02','19:00'),
('76565827540','Teatro Municipal Vila Lobos', '2023-09-02','19:00'),
('14553622394','Teatro Municipal Vila Lobos', '2023-09-02','19:00'),
('66582968980','Teatro Municipal Vila Lobos', '2023-09-02','19:00'),
('42776414404','Teatro Municipal Vila Lobos', '2023-09-02','19:00'),
('70227797329','Teatro Municipal Vila Lobos', '2023-09-02','19:00'),
('37129978686','Teatro Municipal Vila Lobos', '2023-09-02','19:00'),
('63063552941','Teatro Municipal Vila Lobos', '2023-09-02','19:00'),
('62842064615','Teatro Municipal Vila Lobos', '2023-09-02','19:00'),
('66433122647','Teatro Municipal Vila Lobos', '2023-09-02','19:00'),

('43877111165','Salão de Eventos Musicais de Minas Gerais', '2023-09-10', '19:00'),
('82217550950','Salão de Eventos Musicais de Minas Gerais', '2023-09-10', '19:00'),
('46729390069','Salão de Eventos Musicais de Minas Gerais', '2023-09-10', '19:00'),
('19913126606','Salão de Eventos Musicais de Minas Gerais', '2023-09-10', '19:00'),
('77394926559','Salão de Eventos Musicais de Minas Gerais', '2023-09-10', '19:00'),
('43513071531','Salão de Eventos Musicais de Minas Gerais', '2023-09-10', '19:00'),
('64753728544','Salão de Eventos Musicais de Minas Gerais', '2023-09-10', '19:00'),
('53472529105','Salão de Eventos Musicais de Minas Gerais', '2023-09-10', '19:00'),
('62842064615','Salão de Eventos Musicais de Minas Gerais', '2023-09-10', '19:00'),
('35488405313','Salão de Eventos Musicais de Minas Gerais', '2023-09-10', '19:00'),
('93322544940','Salão de Eventos Musicais de Minas Gerais', '2023-09-10', '19:00'),
('66433122647','Salão de Eventos Musicais de Minas Gerais', '2023-09-10', '19:00'),
('85648321783','Salão de Eventos Musicais de Minas Gerais', '2023-09-10', '19:00'),

('70626239036','Sala Municipal de Rio Claro', '2023-09-16', '21:00'),
('33215294087','Sala Municipal de Rio Claro', '2023-09-16', '21:00'),
('39578789009','Sala Municipal de Rio Claro', '2023-09-16', '21:00'),
('96547879038','Sala Municipal de Rio Claro', '2023-09-16', '21:00'),
('19757247049','Sala Municipal de Rio Claro', '2023-09-16', '21:00'),
('16726759010','Sala Municipal de Rio Claro', '2023-09-16', '21:00'),
('39342473008','Sala Municipal de Rio Claro', '2023-09-16', '21:00'),
('90036397016','Sala Municipal de Rio Claro', '2023-09-16', '21:00'),
('36557786008','Sala Municipal de Rio Claro', '2023-09-16', '21:00'),
('41743290012','Sala Municipal de Rio Claro', '2023-09-16', '21:00'),
('66441393026','Sala Municipal de Rio Claro', '2023-09-16', '21:00'),
('90423780000','Sala Municipal de Rio Claro', '2023-09-16', '21:00'),
('53978950081','Sala Municipal de Rio Claro', '2023-09-16', '21:00'),
('53472529105','Sala Municipal de Rio Claro', '2023-09-16', '21:00'),
('64753728544','Sala Municipal de Rio Claro', '2023-09-16', '21:00'),
('43513071531','Sala Municipal de Rio Claro', '2023-09-16', '21:00'),
('28958565403','Sala Municipal de Rio Claro', '2023-09-16', '21:00'),
('84472922401','Sala Municipal de Rio Claro', '2023-09-16', '21:00'),
('14553622394','Sala Municipal de Rio Claro', '2023-09-16', '21:00'),
('76565827540','Sala Municipal de Rio Claro', '2023-09-16', '21:00'),
('66582968980','Sala Municipal de Rio Claro', '2023-09-16', '21:00'),
('42776414404','Sala Municipal de Rio Claro', '2023-09-16', '21:00'),

('43345104180','Casa de Eventos Lua Vermelha', '2023-09-17', '18:30'),
('70227797329','Casa de Eventos Lua Vermelha', '2023-09-17', '18:30'),
('37129978686','Casa de Eventos Lua Vermelha', '2023-09-17', '18:30'),
('63063552941','Casa de Eventos Lua Vermelha', '2023-09-17', '18:30'),
('53472529105','Casa de Eventos Lua Vermelha', '2023-09-17', '18:30'),
('64753728544','Casa de Eventos Lua Vermelha', '2023-09-17', '18:30'),
('43513071531','Casa de Eventos Lua Vermelha', '2023-09-17', '18:30'),
('46729390069','Casa de Eventos Lua Vermelha', '2023-09-17', '18:30'),
('43877111165','Casa de Eventos Lua Vermelha', '2023-09-17', '18:30'),
('19913126606','Casa de Eventos Lua Vermelha', '2023-09-17', '18:30'),
('70626239036','Casa de Eventos Lua Vermelha', '2023-09-17', '18:30'),
('33215294087','Casa de Eventos Lua Vermelha', '2023-09-17', '18:30'),
('39578789009','Casa de Eventos Lua Vermelha', '2023-09-17', '18:30'),
('96547879038','Casa de Eventos Lua Vermelha', '2023-09-17', '18:30'),
('19757247049','Casa de Eventos Lua Vermelha', '2023-09-17', '18:30'),
('16726759010','Casa de Eventos Lua Vermelha', '2023-09-17', '18:30'),
('36557786008','Casa de Eventos Lua Vermelha', '2023-09-17', '18:30'),
('90036397016','Casa de Eventos Lua Vermelha', '2023-09-17', '18:30'),

('74974962043','Casa de Eventos Lua Vermelha', '2023-09-17', '21:00'),
('02411772009','Casa de Eventos Lua Vermelha', '2023-09-17', '21:00'),
('40931991080','Casa de Eventos Lua Vermelha', '2023-09-17', '21:00'),
('90036397016','Casa de Eventos Lua Vermelha', '2023-09-17', '21:00'),
('39342473008','Casa de Eventos Lua Vermelha', '2023-09-17', '21:00'),
('16726759010','Casa de Eventos Lua Vermelha', '2023-09-17', '21:00'),
('39578789009','Casa de Eventos Lua Vermelha', '2023-09-17', '21:00'),
('33215294087','Casa de Eventos Lua Vermelha', '2023-09-17', '21:00'),
('70626239036','Casa de Eventos Lua Vermelha', '2023-09-17', '21:00'),
('41743290012','Casa de Eventos Lua Vermelha', '2023-09-17', '21:00'),
('22126889033','Casa de Eventos Lua Vermelha', '2023-09-17', '21:00'),
('53978950081','Casa de Eventos Lua Vermelha', '2023-09-17', '21:00'),
('89581480048','Casa de Eventos Lua Vermelha', '2023-09-17', '21:00'),
('10720123240','Casa de Eventos Lua Vermelha', '2023-09-17', '21:00'),
('43444624085','Casa de Eventos Lua Vermelha', '2023-09-17', '21:00'),
('38621453444','Casa de Eventos Lua Vermelha', '2023-09-17', '21:00'),
('14553622394','Casa de Eventos Lua Vermelha', '2023-09-17', '21:00'),
('62842064615','Casa de Eventos Lua Vermelha', '2023-09-17', '21:00'),
('93322544940','Casa de Eventos Lua Vermelha', '2023-09-17', '21:00'),
('35488405313','Casa de Eventos Lua Vermelha', '2023-09-17', '21:00'),
('19913126606','Casa de Eventos Lua Vermelha', '2023-09-17', '21:00'),
('46729390069','Casa de Eventos Lua Vermelha', '2023-09-17', '21:00'),
('43877111165','Casa de Eventos Lua Vermelha', '2023-09-17', '21:00'),
('43513071531','Casa de Eventos Lua Vermelha', '2023-09-17', '21:00');
